p1,p2,p3,p4,p5,p6,p7,p8,p9,p10,p11,p12,p13,p14,p15,p16,label
0,0,1,0,0,0,1,0,0,0,1,0,0,0,0,0,standing up
0,1,0,0,0,1,0,0,0,1,0,0,0,1,0,0,standing up
0,0,0,1,0,0,0,1,0,0,0,0,0,0,0,0,standing up
0,0,0,0,0,1,0,0,0,1,0,0,0,0,0,0,standing up
0,0,1,1,0,0,0,0,0,0,0,0,0,0,0,0,lying down
0,0,0,0,0,0,0,0,0,0,0,1,0,0,0,1,standing up
0,0,0,0,0,0,0,1,0,0,0,1,0,0,0,1,standing up
1,0,0,0,1,0,0,0,1,0,0,0,1,0,0,0,standing up
0,0,0,0,0,0,0,0,0,0,0,0,0,1,1,1,lying down
0,0,0,0,1,0,0,0,1,0,0,0,0,0,0,0,standing up
0,0,0,0,0,0,0,0,0,0,1,1,0,0,0,0,lying down
0,0,0,1,0,0,0,1,0,0,0,1,0,0,0,0,standing up
0,0,0,0,0,0,0,0,0,0,0,0,1,1,1,1,lying down
0,0,0,0,1,1,1,0,0,0,0,0,0,0,0,0,lying down
0,1,1,0,0,0,0,0,0,0,0,0,0,0,0,0,lying down
0,0,0,0,0,0,1,0,0,0,1,0,0,0,1,0,standing up
0,0,0,0,0,0,0,0,1,0,0,0,1,0,0,0,standing up
0,0,0,0,0,0,0,0,0,0,0,0,1,1,0,0,lying down
0,0,0,0,0,1,0,0,0,1,0,0,0,1,0,0,standing up
0,0,0,0,1,1,0,0,0,0,0,0,0,0,0,0,lying down
1,0,0,0,1,0,0,0,1,0,0,0,0,0,0,0,standing up
0,0,0,0,0,0,0,0,0,0,0,0,0,0,1,1,lying down
0,0,1,0,0,0,1,0,0,0,0,0,0,0,0,0,standing up
0,0,0,0,0,0,0,0,0,1,1,0,0,0,0,0,lying down
0,0,0,0,0,0,1,0,0,0,1,0,0,0,0,0,standing up
1,0,0,0,1,0,0,0,0,0,0,0,0,0,0,0,standing up
0,0,0,0,0,0,0,0,1,1,0,0,0,0,0,0,lying down
0,1,0,0,0,1,0,0,0,1,0,0,0,0,0,0,standing up
0,0,0,1,0,0,0,1,0,0,0,1,0,0,0,1,standing up
0,0,0,0,1,0,0,0,1,0,0,0,1,0,0,0,standing up
0,0,0,0,0,1,1,0,0,0,0,0,0,0,0,0,lying down
1,1,0,0,0,0,0,0,0,0,0,0,0,0,0,0,lying down
0,0,0,0,0,0,0,0,0,0,1,0,0,0,1,0,standing up
