income_k,credit_score,loan_k,years_employed,label
36,815,42,10,approved
54,583,8,2,rejected
73,766,44,4,approved
146,812,35,2,approved
41,532,58,4,rejected
131,841,18,19,approved
41,808,9,18,approved
64,676,51,16,approved
108,740,28,17,approved
100,561,31,18,rejected
144,739,44,4,approved
73,622,15,12,approved
142,580,30,8,rejected
140,729,49,4,approved
113,603,38,3,rejected
23,732,55,17,rejected
124,791,53,13,approved
137,558,20,14,rejected
88,533,49,18,approved
46,578,40,4,rejected
44,619,12,20,rejected
130,741,19,10,approved
31,625,46,7,rejected
91,727,52,19,approved
46,848,14,5,approved
59,543,44,17,rejected
147,753,23,3,approved
56,641,15,12,approved
109,617,10,12,approved
120,691,10,7,approved
57,497,30,12,rejected
39,576,11,19,rejected
120,560,38,7,rejected
79,694,50,2,rejected
57,540,28,9,rejected
48,469,39,2,rejected
148,466,51,13,rejected
104,760,50,15,approved
88,724,22,1,rejected
35,790,36,17,rejected
