glucose,bmi,age,blood_pressure,label
116,25.3,47,64,low risk
127,22.9,68,72,high risk
95,31.2,55,79,high risk
87,22.5,65,65,low risk
60,21,48,68,low risk
134,34,50,71,high risk
110,27.9,58,79,high risk
115,29.4,58,72,high risk
90,30.1,32,89,low risk
141,24.1,71,57,high risk
134,24.3,32,83,high risk
107,30.2,56,73,low risk
96,23.9,40,84,low risk
101,28.7,35,99,low risk
90,26.6,75,78,low risk
111,21,57,81,high risk
95,31.8,36,87,low risk
125,20.6,60,66,low risk
101,28.2,61,86,high risk
101,27.3,40,87,low risk
148,33.3,71,78,high risk
92,21.4,73,86,low risk
71,24.3,35,80,low risk
119,26.5,60,71,high risk
58,27.9,31,66,low risk
117,31.3,32,89,high risk
135,28.6,62,97,high risk
112,27.1,72,71,high risk
110,32.1,47,83,high risk
59,37.5,37,67,low risk
124,20.2,36,74,low risk
120,27,45,74,high risk
81,30.8,55,68,low risk
158,27.4,71,78,high risk
79,34.2,61,89,high risk
68,25.3,68,85,low risk
65,21.9,62,74,low risk
111,31.4,44,93,high risk
118,13.1,72,81,low risk
121,24.6,53,97,high risk
