x,y,label
-1.029,-0.003,moon A
-0.87,0.542,moon A
-0.803,0.611,moon A
0.378,-0.415,moon B
0.884,0.772,moon A
-0.439,0.953,moon A
1.827,0.134,moon B
0.554,-0.263,moon B
2.032,0.361,moon B
0.329,0.733,moon A
0.34,-0.203,moon B
0.157,0.813,moon A
-0.491,0.84,moon A
1.293,-0.403,moon B
1.911,-0.129,moon B
0.255,1.011,moon A
-1.041,0.22,moon A
0.023,-0.251,moon B
1.064,-0.091,moon A
1.595,-0.207,moon B
0.698,0.795,moon A
-0.335,0.958,moon A
1.133,0.052,moon A
1.012,-0.324,moon B
0.059,0.167,moon B
0.979,0.317,moon A
1.129,-0.423,moon B
1.802,-0.06,moon B
0.864,0.379,moon A
1.804,-0.126,moon B
0.384,-0.078,moon B
1.323,-0.373,moon B
0.005,1.225,moon A
0.216,0.258,moon B
-0.957,0.254,moon A
-0.061,0.468,moon B
0.253,0.893,moon A
-0.581,0.715,moon A
0.677,-0.505,moon B
2.059,0.31,moon B
