study_hours,attendance_pct,previous_score,sleep_hours,label
7.7,72,73,6.9,pass
4.4,92,61,7.2,pass
8.6,85,70,4.4,pass
7,66,57,6.1,fail
0.9,92,61,4.2,fail
9.8,90,60,6.5,pass
7.6,69,51,5.6,pass
7.9,64,71,4.7,pass
1.3,84,59,4.5,fail
4.5,57,65,6.9,fail
3.7,60,71,4.9,fail
9.3,50,70,8.6,pass
6.4,89,73,6.9,pass
8.2,83,64,5.7,pass
4.4,85,60,7,pass
2.3,89,64,4.1,fail
5.5,73,45,8.8,fail
0.6,78,48,6.4,fail
8.3,57,49,7.9,pass
6.3,56,53,4.4,fail
7.6,83,70,6.4,pass
3.5,74,54,6.5,fail
9.7,78,60,8.7,pass
8.9,88,81,6.9,pass
7.8,82,61,6.4,pass
1.9,78,74,5.3,fail
4.7,78,54,5.7,pass
0.4,65,63,6.6,fail
1.5,52,54,6.2,fail
6.8,72,61,4.1,fail
7.4,61,75,8.1,pass
9.7,70,44,8.5,pass
3.3,93,70,4.7,pass
3.7,62,68,6.8,fail
4.7,53,58,4.5,fail
1.9,64,48,7.4,fail
1.3,65,66,5.4,fail
4.8,83,59,7.3,fail
2.3,78,68,7.6,fail
6.7,89,65,7.8,pass
